{"cameraMode":{"drawMode":0,"name":"Shaded","section":"Shading Mode"},"sceneLighting":true,"audioPlay":false,"sceneViewState":{"showFog":true,"showMaterialUpdate":false,"showSkybox":true,"showFlares":true,"showImageEffects":true,"showParticleSystems":true,"showVisualEffectGraphs":true,"m_FxEnabled":true},"in2DMode":false,"pivot":{"x":33.96615982055664,"y":-28.395889282226564,"z":148.44992065429688},"rotation":{"x":-0.19406823813915254,"y":-0.0038273269310593607,"z":0.000757586385589093,"w":-0.9809792637825012},"size":189.50941467285157,"orthographic":false}